order_id,customer_id,order_date,product,quantity,unit_price
1001,1,2025-06-01,Keyboard,1,89.90
1002,2,2025-06-01,Mouse,2,24.50
1003,3,2025-06-02,Monitor,1,329.00
1004,4,2025-06-02,Laptop Stand,1,49.00
1005,1,2025-06-03,USB-C Hub,1,39.99
1006,5,2025-06-03,Keyboard,1,89.90
1007,6,2025-06-04,Headset,1,129.00
1008,7,2025-06-04,Monitor,2,329.00
1009,8,2025-06-05,Mouse,1,24.50
1010,4,2025-06-05,Webcam,1,74.00
1011,2,2025-06-06,Keyboard,1,89.90
1012,3,2025-06-06,USB-C Hub,3,39.99
1013,7,2025-06-07,Headset,1,129.00
1014,5,2025-06-07,Laptop Stand,2,49.00
1015,8,2025-06-08,Monitor,1,329.00
1016,1,2025-06-08,Webcam,1,74.00
